[
  "{\"optimal_time\": 28837982, \"processing_time\": 10, \"penalty_type\": \"{\\\"penalty_coefficient\\\": 1, \\\"penalty_type\\\": \\\"LinearPenalty\\\"}\", \"experiment_operation\": \"GetImage\", \"experiment_name\": \"IPSExperiment\", \"experiment_uuid\": \"decf8024-a408-441f-986e-4ba3f25a5e6c\", \"task_id\": 0, \"scheduled_time\": 28837982}",
  "{\"optimal_time\": 28838122, \"processing_time\": 10, \"penalty_type\": \"{\\\"penalty_coefficient\\\": 1, \\\"penalty_type\\\": \\\"LinearPenalty\\\"}\", \"experiment_operation\": \"GetImage\", \"experiment_name\": \"IPSExperiment\", \"experiment_uuid\": \"4fe62bf9-28b8-4fa8-854f-2a7a968000dd\", \"task_id\": 1, \"scheduled_time\": 28838122}",
  "{\"optimal_time\": 28838262, \"processing_time\": 10, \"penalty_type\": \"{\\\"penalty_coefficient\\\": 1, \\\"penalty_type\\\": \\\"LinearPenalty\\\"}\", \"experiment_operation\": \"GetImage\", \"experiment_name\": \"IPSExperiment\", \"experiment_uuid\": \"72983f72-243b-4454-9c4b-f6d03db00a02\", \"task_id\": 2, \"scheduled_time\": 28838262}",
  "{\"optimal_time\": 28838402, \"processing_time\": 10, \"penalty_type\": \"{\\\"penalty_coefficient\\\": 1, \\\"penalty_type\\\": \\\"LinearPenalty\\\"}\", \"experiment_operation\": \"GetImage\", \"experiment_name\": \"IPSExperiment\", \"experiment_uuid\": \"81acaa26-d417-4c6f-9d7c-390379834d7b\", \"task_id\": 3, \"scheduled_time\": 28838402}",
  "{\"optimal_time\": 28838542, \"processing_time\": 10, \"penalty_type\": \"{\\\"penalty_coefficient\\\": 1, \\\"penalty_type\\\": \\\"LinearPenalty\\\"}\", \"experiment_operation\": \"GetImage\", \"experiment_name\": \"IPSExperiment\", \"experiment_uuid\": \"da6afcc9-4f86-4220-b34e-2a2e2c379d65\", \"task_id\": 4, \"scheduled_time\": 28838542}",
  "{\"optimal_time\": 28838682, \"processing_time\": 10, \"penalty_type\": \"{\\\"penalty_coefficient\\\": 1, \\\"penalty_type\\\": \\\"LinearPenalty\\\"}\", \"experiment_operation\": \"GetImage\", \"experiment_name\": \"IPSExperiment\", \"experiment_uuid\": \"e5cf2342-c2a6-44a8-a4aa-599ad59d4e20\", \"task_id\": 5, \"scheduled_time\": 28838682}",
  "{\"optimal_time\": 28838822, \"processing_time\": 10, \"penalty_type\": \"{\\\"penalty_coefficient\\\": 1, \\\"penalty_type\\\": \\\"LinearPenalty\\\"}\", \"experiment_operation\": \"GetImage\", \"experiment_name\": \"IPSExperiment\", \"experiment_uuid\": \"bf756764-bda1-4d70-b103-a01937042a69\", \"task_id\": 6, \"scheduled_time\": 28838822}",
  "{\"optimal_time\": 28838962, \"processing_time\": 10, \"penalty_type\": \"{\\\"penalty_coefficient\\\": 1, \\\"penalty_type\\\": \\\"LinearPenalty\\\"}\", \"experiment_operation\": \"GetImage\", \"experiment_name\": \"IPSExperiment\", \"experiment_uuid\": \"9bc1d50d-2f80-4649-9209-04285095fb00\", \"task_id\": 7, \"scheduled_time\": 28838962}",
  "{\"optimal_time\": 28839152, \"processing_time\": 10, \"penalty_type\": \"{\\\"penalty_coefficient\\\": 1, \\\"penalty_type\\\": \\\"LinearPenalty\\\"}\", \"experiment_operation\": \"GetImage\", \"experiment_name\": \"IPSExperiment\", \"experiment_uuid\": \"e2d40ad3-b896-41a6-9e3e-ee4387a8d7bb\", \"task_id\": 8, \"scheduled_time\": 28839152}",
  "{\"optimal_time\": 28837842, \"processing_time\": 20, \"penalty_type\": \"{\\\"penalty_coefficient\\\": 1, \\\"penalty_type\\\": \\\"LinearPenalty\\\"}\", \"experiment_operation\": \"MediumChange2\", \"experiment_name\": \"IPSExperiment\", \"experiment_uuid\": \"259da77d-6f31-4cb6-bdce-f231fa2ebd44\", \"task_id\": 9, \"scheduled_time\": 28837852}"
]